SNP_1,SNP_2,SNP_3,SNP_4,SNP_5,SNP_6,SNP_7,SNP_8,SNP_9,SNP_10,SNP_11,SNP_12,SNP_13,SNP_14,SNP_15,SNP_16,SNP_17,SNP_18,SNP_19,SNP_20,phenotype
2,1,0,1,2,0,1,2,0,1,0,2,1,0,1,2,0,1,1,2,0
0,0,1,0,1,2,0,1,2,0,1,0,2,1,0,1,2,0,0,1,0
1,2,0,1,2,0,1,0,1,2,0,1,2,0,1,0,1,2,1,0,1
2,1,0,0,1,2,0,1,0,1,2,0,1,2,0,1,0,1,2,1,1
0,0,1,2,0,1,2,0,1,0,1,2,0,1,2,0,1,2,0,0,0
1,2,0,1,0,1,2,0,1,2,0,1,0,1,2,0,1,0,1,1,1
2,1,0,0,1,0,1,2,0,1,2,0,1,0,1,2,0,1,2,2,1
0,0,1,2,0,1,0,1,2,0,1,2,0,1,0,1,2,0,0,0,0
1,2,0,1,2,0,1,0,1,0,1,2,0,1,2,0,1,0,1,1,1
2,1,0,0,1,2,0,1,2,0,1,0,2,1,0,1,2,0,2,2,1
0,0,1,2,0,1,2,0,1,2,0,1,0,1,2,0,1,2,0,0,0
1,2,0,1,0,1,2,0,1,0,1,2,0,1,0,1,2,0,1,1,1
2,1,0,0,1,0,1,2,0,1,0,1,2,0,1,0,1,2,2,0,1
0,0,1,2,0,1,0,1,2,0,1,0,1,2,0,1,0,1,0,1,0
1,2,0,1,2,0,1,0,1,2,0,1,0,1,2,0,1,0,1,2,1
2,1,0,0,1,2,0,1,0,1,2,0,1,0,1,2,0,1,2,0,1
0,0,1,2,0,1,2,0,1,0,1,2,0,1,2,0,1,0,0,1,0
1,2,0,1,0,1,2,0,1,2,0,1,2,0,1,0,1,2,1,1,1
2,1,0,0,1,0,1,2,0,1,2,0,1,2,0,1,0,1,2,0,1
0,0,1,2,0,1,0,1,2,0,1,0,1,2,0,1,2,0,0,1,0
1,2,0,1,2,0,1,0,1,0,1,2,0,1,0,1,2,0,1,2,1
2,1,0,0,1,2,0,1,0,1,0,1,2,0,1,0,1,2,0,0,0
0,0,1,2,0,1,2,0,1,2,0,1,0,1,2,0,1,0,1,1,0
1,2,0,1,0,1,2,0,1,0,1,2,0,1,2,0,1,0,2,2,1
2,1,0,0,1,0,1,2,0,1,2,0,1,0,1,2,0,1,0,0,0
0,0,1,2,0,1,0,1,2,0,1,0,1,2,0,1,0,1,1,1,0
1,2,0,1,2,0,1,0,1,2,0,1,0,1,0,1,2,0,2,0,1
2,1,0,0,1,2,0,1,0,1,0,1,2,0,1,0,1,2,0,1,0
0,0,1,2,0,1,2,0,1,0,1,2,0,1,2,0,1,0,1,2,0
1,2,0,1,0,1,2,0,1,2,0,1,2,0,1,0,1,2,2,0,1